{
  "version": "4.5.6",
  "flags": {},
  "shapes": [
    {
      "label": "pore",
      "points": [
        [
          65.32075471698113,
          280.188679245283
        ],
        [
          101.16981132075472,
          243.39622641509433
        ]
      ],
      "group_id": null,
      "shape_type": "circle",
      "flags": {}
    },
    {
      "label": "pore",
      "points": [
        [
          217.20754716981128,
          366.03773584905656
        ],
        [
          236.07547169811318,
          336.79245283018867
        ]
      ],
      "group_id": null,
      "shape_type": "circle",
      "flags": {}
    },
    {
      "label": "pore",
      "points": [
        [
          441.7358490566038,
          295.2830188679245
        ],
        [
          455.88679245283015,
          277.35849056603774
        ]
      ],
      "group_id": null,
      "shape_type": "circle",
      "flags": {}
    },
    {
      "label": "pore",
      "points": [
        [
          687.9622641509434,
          191.50943396226415
        ],
        [
          691.7358490566037,
          182.0754716981132
        ]
      ],
      "group_id": null,
      "shape_type": "circle",
      "flags": {}
    },
    {
      "label": "pore",
      "points": [
        [
          765.3207547169811,
          33.0188679245283
        ],
        [
          771.9245283018868,
          27.358490566037734
        ]
      ],
      "group_id": null,
      "shape_type": "circle",
      "flags": {}
    },
    {
      "label": "pore",
      "points": [
        [
          782.3018867924528,
          72.64150943396226
        ],
        [
          789.8490566037735,
          63.20754716981132
        ]
      ],
      "group_id": null,
      "shape_type": "circle",
      "flags": {}
    },
    {
      "label": "pore",
      "points": [
        [
          437.9622641509434,
          208.49056603773585
        ],
        [
          442.6792452830189,
          202.83018867924528
        ]
      ],
      "group_id": null,
      "shape_type": "circle",
      "flags": {}
    },
    {
      "label": "pore",
      "points": [
        [
          40.792452830188665,
          578.3018867924528
        ],
        [
          48.33962264150941,
          565.0943396226414
        ]
      ],
      "group_id": null,
      "shape_type": "circle",
      "flags": {}
    },
    {
      "label": "pore",
      "points": [
        [
          362.4905660377358,
          554.7169811320755
        ],
        [
          382.3018867924528,
          534.9056603773585
        ]
      ],
      "group_id": null,
      "shape_type": "circle",
      "flags": {}
    },
    {
      "label": "pore",
      "points": [
        [
          520.0377358490566,
          450.9433962264151
        ],
        [
          527.5849056603773,
          446.2264150943396
        ]
      ],
      "group_id": null,
      "shape_type": "circle",
      "flags": {}
    },
    {
      "label": "pore",
      "points": [
        [
          711.5471698113207,
          619.8113207547169
        ],
        [
          718.1509433962264,
          605.6603773584906
        ]
      ],
      "group_id": null,
      "shape_type": "circle",
      "flags": {}
    },
    {
      "label": "pore",
      "points": [
        [
          998.3396226415093,
          837.7358490566037
        ],
        [
          991.7358490566037,
          822.6415094339623
        ]
      ],
      "group_id": null,
      "shape_type": "circle",
      "flags": {}
    },
    {
      "label": "pore",
      "points": [
        [
          687.0188679245283,
          850.0
        ],
        [
          695.5094339622641,
          835.8490566037735
        ]
      ],
      "group_id": null,
      "shape_type": "circle",
      "flags": {}
    },
    {
      "label": "pore",
      "points": [
        [
          697.3962264150942,
          790.566037735849
        ],
        [
          704.9433962264151,
          783.0188679245283
        ]
      ],
      "group_id": null,
      "shape_type": "circle",
      "flags": {}
    },
    {
      "label": "pore",
      "points": [
        [
          247.3962264150943,
          647.1698113207547
        ],
        [
          251.16981132075472,
          639.622641509434
        ]
      ],
      "group_id": null,
      "shape_type": "circle",
      "flags": {}
    },
    {
      "label": "pore",
      "points": [
        [
          166.2641509433962,
          715.0943396226414
        ],
        [
          190.79245283018867,
          716.0377358490566
        ],
        [
          207.77358490566036,
          730.188679245283
        ],
        [
          211.5471698113207,
          750.9433962264151
        ],
        [
          206.83018867924528,
          770.754716981132
        ],
        [
          193.62264150943395,
          784.9056603773585
        ],
        [
          169.09433962264148,
          787.7358490566037
        ],
        [
          154.0,
          782.0754716981131
        ],
        [
          148.33962264150944,
          777.3584905660377
        ],
        [
          133.2452830188679,
          779.2452830188679
        ],
        [
          126.64150943396226,
          781.132075471698
        ],
        [
          112.49056603773585,
          782.0754716981131
        ],
        [
          100.22641509433959,
          782.0754716981131
        ],
        [
          89.84905660377359,
          783.0188679245283
        ],
        [
          93.62264150943395,
          759.4339622641509
        ],
        [
          100.22641509433959,
          747.1698113207547
        ],
        [
          107.77358490566036,
          740.566037735849
        ],
        [
          120.03773584905656,
          735.8490566037735
        ],
        [
          132.30188679245282,
          729.2452830188679
        ],
        [
          148.33962264150944,
          720.754716981132
        ]
      ],
      "group_id": null,
      "shape_type": "polygon",
      "flags": {}
    },
    {
      "label": "pore",
      "points": [
        [
          934.1886792452829,
          485.84905660377353
        ],
        [
          951.1698113207547,
          491.50943396226415
        ],
        [
          958.7169811320755,
          507.5471698113207
        ],
        [
          955.8867924528302,
          524.5283018867924
        ],
        [
          944.566037735849,
          533.9622641509434
        ],
        [
          928.5283018867924,
          535.8490566037735
        ],
        [
          916.2641509433961,
          532.0754716981132
        ],
        [
          920.0377358490566,
          521.6981132075472
        ],
        [
          928.5283018867924,
          515.0943396226414
        ],
        [
          940.7924528301887,
          512.2641509433962
        ],
        [
          949.2830188679245,
          508.49056603773585
        ],
        [
          942.6792452830189,
          505.66037735849056
        ],
        [
          931.3584905660377,
          500.0
        ],
        [
          920.0377358490566,
          491.50943396226415
        ]
      ],
      "group_id": null,
      "shape_type": "polygon",
      "flags": {}
    },
    {
      "label": "pore",
      "points": [
        [
          304.0,
          650.0
        ],
        [
          294.566037735849,
          641.5094339622641
        ],
        [
          288.90566037735846,
          633.9622641509434
        ],
        [
          279.47169811320754,
          640.566037735849
        ],
        [
          276.64150943396226,
          650.0
        ],
        [
          276.64150943396226,
          659.4339622641509
        ],
        [
          287.9622641509434,
          670.754716981132
        ],
        [
          297.3962264150943,
          667.9245283018868
        ],
        [
          313.4339622641509,
          666.0377358490566
        ],
        [
          325.6981132075472,
          664.1509433962264
        ],
        [
          330.41509433962267,
          654.7169811320755
        ],
        [
          330.41509433962267,
          644.3396226415094
        ],
        [
          324.7547169811321,
          641.5094339622641
        ],
        [
          317.2075471698113,
          641.5094339622641
        ]
      ],
      "group_id": null,
      "shape_type": "polygon",
      "flags": {}
    },
    {
      "label": "crack",
      "points": [
        [
          226.64150943396226,
          10.377358490566037
        ],
        [
          220.9811320754717,
          16.037735849056602
        ],
        [
          209.66037735849056,
          25.471698113207545
        ],
        [
          200.2264150943396,
          31.132075471698112
        ],
        [
          192.67924528301887,
          33.9622641509434
        ],
        [
          185.1320754716981,
          44.33962264150943
        ],
        [
          182.30188679245282,
          41.50943396226415
        ],
        [
          177.58490566037733,
          51.886792452830186
        ],
        [
          170.03773584905656,
          59.43396226415094
        ],
        [
          166.2641509433962,
          56.60377358490566
        ],
        [
          154.94339622641508,
          66.98113207547169
        ],
        [
          145.50943396226415,
          68.86792452830188
        ],
        [
          136.07547169811318,
          70.75471698113208
        ],
        [
          127.58490566037733,
          75.47169811320754
        ],
        [
          122.8679245283019,
          67.9245283018868
        ],
        [
          118.15094339622641,
          56.60377358490566
        ],
        [
          112.49056603773585,
          49.056603773584904
        ],
        [
          108.71698113207543,
          38.679245283018865
        ],
        [
          96.45283018867923,
          31.132075471698112
        ],
        [
          87.96226415094338,
          31.132075471698112
        ],
        [
          86.07547169811318,
          40.56603773584906
        ],
        [
          92.67924528301887,
          52.83018867924528
        ],
        [
          98.33962264150944,
          64.15094339622641
        ],
        [
          104.94339622641508,
          74.52830188679245
        ],
        [
          111.54716981132071,
          83.0188679245283
        ],
        [
          120.03773584905656,
          91.50943396226414
        ],
        [
          123.81132075471697,
          96.22641509433961
        ],
        [
          124.75471698113205,
          101.88679245283018
        ],
        [
          124.75471698113205,
          110.37735849056604
        ],
        [
          119.09433962264148,
          114.15094339622641
        ],
        [
          120.03773584905656,
          124.52830188679245
        ],
        [
          120.98113207547169,
          129.24528301886792
        ],
        [
          116.2641509433962,
          137.73584905660377
        ],
        [
          111.54716981132071,
          148.1132075471698
        ],
        [
          111.54716981132071,
          156.60377358490564
        ],
        [
          108.71698113207543,
          166.9811320754717
        ],
        [
          105.88679245283015,
          173.58490566037736
        ],
        [
          104.0,
          184.9056603773585
        ],
        [
          102.1132075471698,
          195.2830188679245
        ],
        [
          96.45283018867923,
          206.60377358490564
        ],
        [
          91.73584905660374,
          213.2075471698113
        ],
        [
          84.18867924528303,
          221.69811320754715
        ],
        [
          82.30188679245282,
          226.41509433962264
        ],
        [
          74.75471698113205,
          237.73584905660377
        ],
        [
          65.32075471698113,
          250.0
        ],
        [
          63.43396226415092,
          261.3207547169811
        ],
        [
          67.20754716981133,
          269.811320754717
        ],
        [
          77.58490566037733,
          284.90566037735846
        ],
        [
          89.84905660377359,
          283.9622641509434
        ],
        [
          94.56603773584902,
          291.50943396226415
        ],
        [
          102.1132075471698,
          302.8301886792453
        ],
        [
          104.94339622641508,
          311.3207547169811
        ],
        [
          110.60377358490564,
          317.92452830188677
        ],
        [
          104.0,
          327.35849056603774
        ],
        [
          93.62264150943395,
          340.566037735849
        ],
        [
          90.79245283018867,
          350.9433962264151
        ],
        [
          85.1320754716981,
          360.377358490566
        ],
        [
          73.81132075471697,
          366.9811320754717
        ],
        [
          70.98113207547169,
          378.3018867924528
        ],
        [
          56.83018867924528,
          383.9622641509434
        ],
        [
          43.62264150943395,
          395.2830188679245
        ],
        [
          39.84905660377356,
          400.0
        ],
        [
          33.24528301886792,
          405.66037735849056
        ],
        [
          25.698113207547152,
          415.0943396226415
        ],
        [
          23.811320754716974,
          421.6981132075471
        ],
        [
          31.358490566037716,
          425.47169811320754
        ],
        [
          45.509433962264126,
          418.86792452830184
        ],
        [
          62.490566037735846,
          407.5471698113207
        ],
        [
          77.58490566037733,
          400.9433962264151
        ],
        [
          87.01886792452831,
          393.3962264150943
        ],
        [
          100.22641509433959,
          383.0188679245283
        ],
        [
          106.83018867924528,
          361.3207547169811
        ],
        [
          108.71698113207543,
          350.0
        ],
        [
          112.49056603773585,
          338.6792452830189
        ],
        [
          120.98113207547169,
          333.0188679245283
        ],
        [
          127.58490566037733,
          318.8679245283019
        ],
        [
          124.75471698113205,
          309.4339622641509
        ],
        [
          115.32075471698113,
          294.33962264150944
        ],
        [
          109.66037735849056,
          282.0754716981132
        ],
        [
          104.0,
          275.47169811320754
        ],
        [
          92.67924528301887,
          271.6981132075472
        ],
        [
          85.1320754716981,
          266.9811320754717
        ],
        [
          80.41509433962261,
          254.71698113207546
        ],
        [
          80.41509433962261,
          248.1132075471698
        ],
        [
          88.90566037735846,
          235.84905660377356
        ],
        [
          99.28301886792451,
          226.41509433962264
        ],
        [
          108.71698113207543,
          216.0377358490566
        ],
        [
          120.98113207547169,
          213.2075471698113
        ],
        [
          124.75471698113205,
          199.0566037735849
        ],
        [
          128.52830188679246,
          182.0754716981132
        ],
        [
          130.4150943396226,
          168.86792452830187
        ],
        [
          130.4150943396226,
          155.66037735849056
        ],
        [
          130.4150943396226,
          146.22641509433961
        ],
        [
          136.07547169811318,
          135.8490566037736
        ],
        [
          139.8490566037736,
          124.52830188679245
        ],
        [
          142.67924528301887,
          114.15094339622641
        ],
        [
          145.50943396226415,
          107.54716981132074
        ],
        [
          153.05660377358487,
          107.54716981132074
        ],
        [
          157.77358490566036,
          100.94339622641509
        ],
        [
          155.88679245283015,
          87.73584905660377
        ],
        [
          152.1132075471698,
          79.24528301886792
        ],
        [
          171.92452830188677,
          87.73584905660377
        ],
        [
          171.92452830188677,
          80.18867924528301
        ],
        [
          177.58490566037733,
          69.81132075471697
        ],
        [
          188.90566037735846,
          61.32075471698113
        ],
        [
          200.2264150943396,
          56.60377358490566
        ],
        [
          208.71698113207543,
          52.83018867924528
        ],
        [
          220.9811320754717,
          41.50943396226415
        ],
        [
          224.75471698113205,
          34.90566037735849
        ]
      ],
      "group_id": null,
      "shape_type": "polygon",
      "flags": {}
    },
    {
      "label": "crack",
      "points": [
        [
          502.11320754716974,
          28.30188679245283
        ],
        [
          509.66037735849056,
          19.81132075471698
        ],
        [
          507.7735849056603,
          6.60377358490566
        ],
        [
          503.0566037735849,
          5.660377358490566
        ],
        [
          492.6792452830189,
          2.830188679245283
        ],
        [
          487.0188679245283,
          3.773584905660377
        ],
        [
          485.13207547169804,
          17.92452830188679
        ],
        [
          487.0188679245283,
          28.30188679245283
        ],
        [
          492.6792452830189,
          35.84905660377358
        ],
        [
          494.566037735849,
          42.45283018867924
        ],
        [
          498.33962264150944,
          49.056603773584904
        ],
        [
          502.11320754716974,
          55.660377358490564
        ],
        [
          504.0,
          64.15094339622641
        ],
        [
          503.0566037735849,
          72.64150943396226
        ],
        [
          503.0566037735849,
          82.0754716981132
        ],
        [
          509.66037735849056,
          85.84905660377358
        ],
        [
          519.0943396226414,
          83.9622641509434
        ],
        [
          522.8679245283018,
          75.47169811320754
        ],
        [
          521.9245283018868,
          64.15094339622641
        ],
        [
          520.0377358490566,
          55.660377358490564
        ],
        [
          516.2641509433962,
          42.45283018867924
        ],
        [
          512.4905660377358,
          36.79245283018868
        ]
      ],
      "group_id": null,
      "shape_type": "polygon",
      "flags": {}
    },
    {
      "label": "crack",
      "points": [
        [
          18.15094339622641,
          553.7735849056603
        ],
        [
          26.641509433962256,
          545.2830188679245
        ],
        [
          35.1320754716981,
          543.3962264150944
        ],
        [
          47.39622641509433,
          545.2830188679245
        ],
        [
          53.0566037735849,
          551.8867924528302
        ],
        [
          49.28301886792451,
          558.4905660377358
        ],
        [
          41.73584905660377,
          551.8867924528302
        ],
        [
          32.30188679245282,
          556.6037735849056
        ],
        [
          24.754716981132077,
          562.2641509433962
        ],
        [
          19.094339622641485,
          567.9245283018868
        ],
        [
          9.660377358490564,
          573.5849056603773
        ],
        [
          4.0,
          575.4716981132075
        ],
        [
          2.113207547169793,
          572.6415094339623
        ],
        [
          5.8867924528301785,
          557.5471698113207
        ]
      ],
      "group_id": null,
      "shape_type": "polygon",
      "flags": {}
    },
    {
      "label": "crack",
      "points": [
        [
          66.2641509433962,
          543.3962264150944
        ],
        [
          71.92452830188677,
          526.4150943396227
        ],
        [
          80.41509433962261,
          509.4339622641509
        ],
        [
          90.79245283018867,
          504.71698113207543
        ],
        [
          106.83018867924528,
          508.49056603773585
        ],
        [
          106.83018867924528,
          497.1698113207547
        ],
        [
          87.96226415094338,
          491.50943396226415
        ],
        [
          76.64150943396226,
          491.50943396226415
        ],
        [
          69.09433962264148,
          499.05660377358487
        ],
        [
          65.32075471698113,
          508.49056603773585
        ],
        [
          58.71698113207546,
          521.6981132075472
        ],
        [
          57.77358490566036,
          532.0754716981132
        ]
      ],
      "group_id": null,
      "shape_type": "polygon",
      "flags": {}
    },
    {
      "label": "crack",
      "points": [
        [
          436.0754716981131,
          698.1132075471697
        ],
        [
          442.6792452830189,
          710.377358490566
        ],
        [
          452.11320754716974,
          717.9245283018868
        ],
        [
          468.15094339622635,
          717.9245283018868
        ],
        [
          474.754716981132,
          726.4150943396226
        ],
        [
          477.58490566037733,
          740.566037735849
        ],
        [
          485.13207547169804,
          744.3396226415094
        ],
        [
          500.2264150943396,
          743.3962264150942
        ],
        [
          512.4905660377358,
          738.6792452830189
        ],
        [
          523.8113207547169,
          737.7358490566037
        ],
        [
          528.5283018867924,
          742.4528301886792
        ],
        [
          520.9811320754717,
          751.8867924528302
        ],
        [
          509.66037735849056,
          754.7169811320755
        ],
        [
          492.6792452830189,
          758.4905660377358
        ],
        [
          485.13207547169804,
          757.5471698113207
        ],
        [
          477.58490566037733,
          751.8867924528302
        ],
        [
          466.2641509433962,
          751.8867924528302
        ],
        [
          461.5471698113207,
          742.4528301886792
        ],
        [
          460.60377358490564,
          732.0754716981131
        ],
        [
          449.2830188679245,
          730.188679245283
        ],
        [
          439.84905660377353,
          731.132075471698
        ],
        [
          432.3018867924528,
          731.132075471698
        ],
        [
          430.41509433962256,
          723.5849056603773
        ],
        [
          420.9811320754717,
          716.0377358490566
        ],
        [
          418.15094339622635,
          709.4339622641509
        ],
        [
          417.2075471698113,
          697.1698113207547
        ],
        [
          422.86792452830184,
          692.4528301886792
        ]
      ],
      "group_id": null,
      "shape_type": "polygon",
      "flags": {}
    },
    {
      "label": "crack",
      "points": [
        [
          527.5849056603773,
          330.188679245283
        ],
        [
          535.132075471698,
          314.1509433962264
        ],
        [
          537.9622641509434,
          301.88679245283015
        ],
        [
          537.0188679245283,
          284.90566037735846
        ],
        [
          535.132075471698,
          272.64150943396226
        ],
        [
          526.6415094339623,
          264.1509433962264
        ],
        [
          519.0943396226414,
          274.52830188679246
        ],
        [
          523.8113207547169,
          285.8490566037736
        ],
        [
          523.8113207547169,
          294.33962264150944
        ],
        [
          520.9811320754717,
          301.88679245283015
        ],
        [
          516.2641509433962,
          316.03773584905656
        ],
        [
          514.377358490566,
          324.52830188679246
        ]
      ],
      "group_id": null,
      "shape_type": "polygon",
      "flags": {}
    },
    {
      "label": "crack",
      "points": [
        [
          539.8490566037735,
          251.88679245283018
        ],
        [
          551.1698113207547,
          242.45283018867923
        ],
        [
          570.0377358490566,
          236.79245283018867
        ],
        [
          575.6981132075472,
          236.79245283018867
        ],
        [
          585.132075471698,
          243.39622641509433
        ],
        [
          597.3962264150942,
          248.1132075471698
        ],
        [
          604.9433962264151,
          253.77358490566036
        ],
        [
          620.0377358490566,
          263.20754716981133
        ],
        [
          627.5849056603773,
          271.6981132075472
        ],
        [
          636.0754716981131,
          266.9811320754717
        ],
        [
          648.3396226415094,
          270.75471698113205
        ],
        [
          654.9433962264151,
          266.9811320754717
        ],
        [
          666.2641509433962,
          260.37735849056605
        ],
        [
          675.6981132075472,
          258.49056603773585
        ],
        [
          690.7924528301886,
          258.49056603773585
        ],
        [
          700.2264150943396,
          256.60377358490564
        ],
        [
          720.0377358490565,
          256.60377358490564
        ],
        [
          736.0754716981131,
          252.83018867924528
        ],
        [
          741.7358490566037,
          255.66037735849056
        ],
        [
          751.1698113207547,
          252.83018867924528
        ],
        [
          762.4905660377358,
          259.4339622641509
        ],
        [
          767.2075471698113,
          268.8679245283019
        ],
        [
          770.0377358490565,
          281.1320754716981
        ],
        [
          787.9622641509434,
          284.90566037735846
        ],
        [
          796.4528301886792,
          283.9622641509434
        ],
        [
          813.4339622641509,
          285.8490566037736
        ],
        [
          810.6037735849056,
          291.50943396226415
        ],
        [
          797.3962264150942,
          300.9433962264151
        ],
        [
          786.0754716981131,
          301.88679245283015
        ],
        [
          766.2641509433962,
          300.0
        ],
        [
          763.4339622641509,
          292.45283018867923
        ],
        [
          755.8867924528302,
          279.2452830188679
        ],
        [
          753.0566037735848,
          269.811320754717
        ],
        [
          747.3962264150942,
          265.0943396226415
        ],
        [
          737.0188679245283,
          266.0377358490566
        ],
        [
          724.754716981132,
          267.92452830188677
        ],
        [
          719.0943396226414,
          274.52830188679246
        ],
        [
          710.6037735849056,
          277.35849056603774
        ],
        [
          699.2830188679245,
          278.3018867924528
        ],
        [
          693.622641509434,
          277.35849056603774
        ],
        [
          680.4150943396226,
          272.64150943396226
        ],
        [
          671.9245283018868,
          272.64150943396226
        ],
        [
          662.4905660377358,
          277.35849056603774
        ],
        [
          653.0566037735848,
          283.9622641509434
        ],
        [
          640.7924528301886,
          284.90566037735846
        ],
        [
          636.0754716981131,
          279.2452830188679
        ],
        [
          626.6415094339623,
          283.9622641509434
        ],
        [
          618.1509433962264,
          286.79245283018867
        ],
        [
          613.4339622641509,
          279.2452830188679
        ],
        [
          604.9433962264151,
          276.4150943396226
        ],
        [
          593.622641509434,
          273.58490566037733
        ],
        [
          585.132075471698,
          268.8679245283019
        ],
        [
          578.5283018867924,
          265.0943396226415
        ],
        [
          567.2075471698113,
          259.4339622641509
        ],
        [
          559.6603773584906,
          254.71698113207546
        ],
        [
          550.2264150943396,
          255.66037735849056
        ],
        [
          545.5094339622641,
          262.2641509433962
        ]
      ],
      "group_id": null,
      "shape_type": "polygon",
      "flags": {}
    },
    {
      "label": "crack",
      "points": [
        [
          645.5094339622641,
          307.5471698113207
        ],
        [
          643.622641509434,
          317.92452830188677
        ],
        [
          639.8490566037735,
          327.35849056603774
        ],
        [
          639.8490566037735,
          338.6792452830189
        ],
        [
          648.3396226415094,
          339.62264150943395
        ],
        [
          657.7735849056603,
          349.05660377358487
        ],
        [
          656.8301886792452,
          360.377358490566
        ],
        [
          652.1132075471697,
          366.9811320754717
        ],
        [
          652.1132075471697,
          374.5283018867924
        ],
        [
          656.8301886792452,
          386.79245283018867
        ],
        [
          651.1698113207547,
          389.62264150943395
        ],
        [
          650.2264150943396,
          395.2830188679245
        ],
        [
          653.0566037735848,
          404.71698113207543
        ],
        [
          653.0566037735848,
          414.1509433962264
        ],
        [
          642.6792452830189,
          414.1509433962264
        ],
        [
          638.9056603773585,
          406.60377358490564
        ],
        [
          632.3018867924528,
          387.73584905660374
        ],
        [
          642.6792452830189,
          381.1320754716981
        ],
        [
          637.9622641509434,
          373.58490566037733
        ],
        [
          637.0188679245283,
          363.2075471698113
        ],
        [
          640.7924528301886,
          355.66037735849056
        ],
        [
          631.3584905660377,
          350.0
        ],
        [
          623.8113207547169,
          342.45283018867923
        ],
        [
          623.8113207547169,
          336.79245283018867
        ],
        [
          621.9245283018868,
          326.4150943396226
        ],
        [
          622.8679245283018,
          316.03773584905656
        ],
        [
          614.377358490566,
          307.5471698113207
        ],
        [
          622.8679245283018,
          300.9433962264151
        ],
        [
          633.2452830188679,
          300.0
        ]
      ],
      "group_id": null,
      "shape_type": "polygon",
      "flags": {}
    },
    {
      "label": "crack",
      "points": [
        [
          899.2830188679245,
          310.377358490566
        ],
        [
          891.7358490566037,
          321.6981132075472
        ],
        [
          885.132075471698,
          334.90566037735846
        ],
        [
          879.4716981132076,
          345.2830188679245
        ],
        [
          873.8113207547169,
          353.77358490566036
        ],
        [
          871.9245283018868,
          365.0943396226415
        ],
        [
          873.8113207547169,
          373.58490566037733
        ],
        [
          882.3018867924527,
          374.5283018867924
        ],
        [
          883.2452830188679,
          381.1320754716981
        ],
        [
          876.6415094339623,
          388.6792452830189
        ],
        [
          871.9245283018868,
          398.1132075471698
        ],
        [
          862.4905660377358,
          408.49056603773585
        ],
        [
          857.7735849056603,
          416.03773584905656
        ],
        [
          857.7735849056603,
          423.58490566037733
        ],
        [
          851.1698113207547,
          434.90566037735846
        ],
        [
          854.943396226415,
          442.45283018867923
        ],
        [
          871.9245283018868,
          446.2264150943396
        ],
        [
          875.6981132075471,
          433.9622641509434
        ],
        [
          872.8679245283017,
          425.47169811320754
        ],
        [
          876.6415094339623,
          418.86792452830184
        ],
        [
          883.2452830188679,
          415.0943396226415
        ],
        [
          891.7358490566037,
          408.49056603773585
        ],
        [
          890.7924528301887,
          402.8301886792453
        ],
        [
          896.4528301886792,
          395.2830188679245
        ],
        [
          904.943396226415,
          387.73584905660374
        ],
        [
          904.943396226415,
          381.1320754716981
        ],
        [
          903.0566037735848,
          373.58490566037733
        ],
        [
          901.1698113207547,
          366.03773584905656
        ],
        [
          891.7358490566037,
          361.3207547169811
        ],
        [
          891.7358490566037,
          354.71698113207543
        ],
        [
          896.4528301886792,
          345.2830188679245
        ],
        [
          904.943396226415,
          330.188679245283
        ],
        [
          910.6037735849056,
          321.6981132075472
        ],
        [
          913.433962264151,
          304.71698113207543
        ]
      ],
      "group_id": null,
      "shape_type": "polygon",
      "flags": {}
    },
    {
      "label": "crack",
      "points": [
        [
          646.4528301886792,
          450.9433962264151
        ],
        [
          641.7358490566037,
          456.60377358490564
        ],
        [
          629.4716981132075,
          459.4339622641509
        ],
        [
          626.6415094339623,
          467.92452830188677
        ],
        [
          636.0754716981131,
          475.47169811320754
        ],
        [
          648.3396226415094,
          473.58490566037733
        ],
        [
          656.8301886792452,
          466.03773584905656
        ],
        [
          660.6037735849056,
          471.6981132075471
        ],
        [
          660.6037735849056,
          478.3018867924528
        ],
        [
          652.1132075471697,
          485.84905660377353
        ],
        [
          641.7358490566037,
          489.62264150943395
        ],
        [
          639.8490566037735,
          496.2264150943396
        ],
        [
          637.9622641509434,
          507.5471698113207
        ],
        [
          636.0754716981131,
          517.9245283018868
        ],
        [
          635.132075471698,
          526.4150943396227
        ],
        [
          628.5283018867924,
          531.132075471698
        ],
        [
          622.8679245283018,
          541.5094339622641
        ],
        [
          619.0943396226414,
          553.7735849056603
        ],
        [
          614.377358490566,
          568.8679245283018
        ],
        [
          626.6415094339623,
          566.9811320754717
        ],
        [
          632.3018867924528,
          556.6037735849056
        ],
        [
          641.7358490566037,
          544.3396226415094
        ],
        [
          649.2830188679245,
          536.7924528301886
        ],
        [
          657.7735849056603,
          525.4716981132075
        ],
        [
          656.8301886792452,
          514.1509433962264
        ],
        [
          664.3773584905659,
          505.66037735849056
        ],
        [
          672.8679245283018,
          494.33962264150944
        ],
        [
          678.5283018867924,
          473.58490566037733
        ],
        [
          671.9245283018868,
          457.5471698113207
        ],
        [
          661.5471698113207,
          450.0
        ]
      ],
      "group_id": null,
      "shape_type": "polygon",
      "flags": {}
    },
    {
      "label": "crack",
      "points": [
        [
          830.4150943396226,
          511.3207547169811
        ],
        [
          824.754716981132,
          523.5849056603773
        ],
        [
          820.9811320754717,
          538.6792452830189
        ],
        [
          818.1509433962264,
          550.9433962264151
        ],
        [
          817.2075471698113,
          566.0377358490566
        ],
        [
          815.3207547169811,
          575.4716981132075
        ],
        [
          813.4339622641509,
          591.5094339622641
        ],
        [
          813.4339622641509,
          597.1698113207547
        ],
        [
          804.0,
          601.8867924528302
        ],
        [
          795.5094339622641,
          610.377358490566
        ],
        [
          789.8490566037735,
          618.8679245283018
        ],
        [
          782.3018867924528,
          628.3018867924528
        ],
        [
          772.8679245283018,
          637.7358490566038
        ],
        [
          768.1509433962264,
          652.8301886792452
        ],
        [
          769.0943396226414,
          659.4339622641509
        ],
        [
          767.2075471698113,
          668.8679245283018
        ],
        [
          767.2075471698113,
          683.0188679245283
        ],
        [
          771.9245283018868,
          696.2264150943396
        ],
        [
          775.6981132075471,
          692.4528301886792
        ],
        [
          782.3018867924528,
          684.9056603773585
        ],
        [
          782.3018867924528,
          676.4150943396226
        ],
        [
          786.0754716981131,
          656.6037735849056
        ],
        [
          788.9056603773585,
          649.0566037735849
        ],
        [
          799.2830188679245,
          640.566037735849
        ],
        [
          808.7169811320754,
          631.132075471698
        ],
        [
          820.9811320754717,
          626.4150943396226
        ],
        [
          829.4716981132076,
          622.6415094339623
        ],
        [
          836.0754716981132,
          615.0943396226414
        ],
        [
          839.8490566037735,
          607.5471698113207
        ],
        [
          837.9622641509434,
          591.5094339622641
        ],
        [
          836.0754716981132,
          584.9056603773585
        ],
        [
          832.3018867924527,
          575.4716981132075
        ],
        [
          835.132075471698,
          566.9811320754717
        ],
        [
          838.9056603773583,
          555.6603773584906
        ],
        [
          839.8490566037735,
          547.1698113207547
        ],
        [
          841.7358490566037,
          530.188679245283
        ],
        [
          844.566037735849,
          520.7547169811321
        ],
        [
          844.566037735849,
          512.2641509433962
        ],
        [
          841.7358490566037,
          506.60377358490564
        ]
      ],
      "group_id": null,
      "shape_type": "polygon",
      "flags": {}
    },
    {
      "label": "crack",
      "points": [
        [
          987.0188679245282,
          684.9056603773585
        ],
        [
          983.2452830188679,
          696.2264150943396
        ],
        [
          983.2452830188679,
          703.7735849056603
        ],
        [
          975.6981132075471,
          709.4339622641509
        ],
        [
          963.433962264151,
          716.0377358490566
        ],
        [
          949.2830188679245,
          725.4716981132075
        ],
        [
          962.4905660377358,
          735.8490566037735
        ],
        [
          970.9811320754716,
          728.3018867924528
        ],
        [
          979.4716981132076,
          725.4716981132075
        ],
        [
          988.9056603773583,
          715.0943396226414
        ],
        [
          995.509433962264,
          705.6603773584906
        ],
        [
          995.509433962264,
          701.8867924528302
        ],
        [
          1002.1132075471698,
          704.7169811320755
        ],
        [
          1014.3773584905659,
          709.4339622641509
        ],
        [
          1018.1509433962265,
          706.6037735849056
        ],
        [
          1017.2075471698113,
          691.5094339622641
        ],
        [
          1005.8867924528302,
          688.6792452830189
        ]
      ],
      "group_id": null,
      "shape_type": "polygon",
      "flags": {}
    }
  ],
  "imagePath": "pilot_dataset/train/1100_016 cropped.png",
  "imageHeight": 860,
  "imageWidth": 1024
}