{
  "version": "4.5.6",
  "flags": {},
  "shapes": [
    {
      "label": "pore",
      "points": [
        [
          104.0,
          123.58490566037736
        ],
        [
          113.43396226415092,
          107.54716981132074
        ]
      ],
      "group_id": null,
      "shape_type": "circle",
      "flags": {}
    },
    {
      "label": "pore",
      "points": [
        [
          413.43396226415086,
          62.264150943396224
        ],
        [
          423.8113207547169,
          45.283018867924525
        ]
      ],
      "group_id": null,
      "shape_type": "circle",
      "flags": {}
    },
    {
      "label": "pore",
      "points": [
        [
          170.9811320754717,
          37.73584905660377
        ],
        [
          179.47169811320754,
          20.754716981132074
        ]
      ],
      "group_id": null,
      "shape_type": "circle",
      "flags": {}
    },
    {
      "label": "pore",
      "points": [
        [
          163.43396226415092,
          73.58490566037736
        ],
        [
          173.81132075471697,
          64.15094339622641
        ]
      ],
      "group_id": null,
      "shape_type": "circle",
      "flags": {}
    },
    {
      "label": "pore",
      "points": [
        [
          62.490566037735846,
          271.6981132075472
        ],
        [
          73.81132075471697,
          255.66037735849056
        ]
      ],
      "group_id": null,
      "shape_type": "circle",
      "flags": {}
    },
    {
      "label": "pore",
      "points": [
        [
          201.16981132075472,
          474.5283018867924
        ],
        [
          203.05660377358487,
          462.2641509433962
        ]
      ],
      "group_id": null,
      "shape_type": "circle",
      "flags": {}
    },
    {
      "label": "pore",
      "points": [
        [
          220.9811320754717,
          477.3584905660377
        ],
        [
          224.75471698113205,
          469.811320754717
        ]
      ],
      "group_id": null,
      "shape_type": "circle",
      "flags": {}
    },
    {
      "label": "pore",
      "points": [
        [
          335.13207547169804,
          448.1132075471698
        ],
        [
          341.7358490566038,
          438.6792452830189
        ]
      ],
      "group_id": null,
      "shape_type": "circle",
      "flags": {}
    },
    {
      "label": "pore",
      "points": [
        [
          271.92452830188677,
          492.45283018867923
        ],
        [
          282.3018867924528,
          479.2452830188679
        ]
      ],
      "group_id": null,
      "shape_type": "circle",
      "flags": {}
    },
    {
      "label": "pore",
      "points": [
        [
          110.60377358490564,
          648.1132075471697
        ],
        [
          119.09433962264148,
          635.8490566037735
        ]
      ],
      "group_id": null,
      "shape_type": "circle",
      "flags": {}
    },
    {
      "label": "pore",
      "points": [
        [
          164.377358490566,
          702.8301886792452
        ],
        [
          173.81132075471697,
          683.9622641509434
        ]
      ],
      "group_id": null,
      "shape_type": "circle",
      "flags": {}
    },
    {
      "label": "pore",
      "points": [
        [
          220.9811320754717,
          730.188679245283
        ],
        [
          229.47169811320754,
          712.2641509433962
        ]
      ],
      "group_id": null,
      "shape_type": "circle",
      "flags": {}
    },
    {
      "label": "pore",
      "points": [
        [
          270.03773584905656,
          845.2830188679245
        ],
        [
          270.9811320754717,
          828.3018867924528
        ]
      ],
      "group_id": null,
      "shape_type": "circle",
      "flags": {}
    },
    {
      "label": "pore",
      "points": [
        [
          653.0566037735848,
          45.283018867924525
        ],
        [
          659.6603773584906,
          24.528301886792452
        ]
      ],
      "group_id": null,
      "shape_type": "circle",
      "flags": {}
    },
    {
      "label": "pore",
      "points": [
        [
          592.6792452830189,
          33.0188679245283
        ],
        [
          600.2264150943396,
          26.41509433962264
        ]
      ],
      "group_id": null,
      "shape_type": "circle",
      "flags": {}
    },
    {
      "label": "pore",
      "points": [
        [
          790.7924528301886,
          10.377358490566037
        ],
        [
          804.0,
          19.81132075471698
        ]
      ],
      "group_id": null,
      "shape_type": "circle",
      "flags": {}
    },
    {
      "label": "pore",
      "points": [
        [
          785.132075471698,
          53.77358490566037
        ],
        [
          800.2264150943396,
          42.45283018867924
        ]
      ],
      "group_id": null,
      "shape_type": "circle",
      "flags": {}
    },
    {
      "label": "pore",
      "points": [
        [
          992.6792452830189,
          42.45283018867924
        ],
        [
          1001.1698113207547,
          26.41509433962264
        ]
      ],
      "group_id": null,
      "shape_type": "circle",
      "flags": {}
    },
    {
      "label": "pore",
      "points": [
        [
          866.2641509433961,
          322.64150943396226
        ],
        [
          876.6415094339623,
          302.8301886792453
        ]
      ],
      "group_id": null,
      "shape_type": "circle",
      "flags": {}
    },
    {
      "label": "pore",
      "points": [
        [
          978.5283018867924,
          300.9433962264151
        ],
        [
          982.3018867924527,
          289.62264150943395
        ]
      ],
      "group_id": null,
      "shape_type": "circle",
      "flags": {}
    },
    {
      "label": "pore",
      "points": [
        [
          828.5283018867924,
          757.5471698113207
        ],
        [
          830.4150943396226,
          745.2830188679245
        ]
      ],
      "group_id": null,
      "shape_type": "circle",
      "flags": {}
    },
    {
      "label": "pore",
      "points": [
        [
          702.1132075471697,
          838.6792452830189
        ],
        [
          704.9433962264151,
          833.0188679245283
        ]
      ],
      "group_id": null,
      "shape_type": "circle",
      "flags": {}
    },
    {
      "label": "pore",
      "points": [
        [
          883.2452830188679,
          801.8867924528302
        ],
        [
          885.132075471698,
          791.5094339622641
        ]
      ],
      "group_id": null,
      "shape_type": "circle",
      "flags": {}
    },
    {
      "label": "pore",
      "points": [
        [
          125.69811320754718,
          156.60377358490564
        ],
        [
          126.64150943396226,
          148.1132075471698
        ]
      ],
      "group_id": null,
      "shape_type": "circle",
      "flags": {}
    },
    {
      "label": "pore",
      "points": [
        [
          364.37735849056605,
          83.0188679245283
        ],
        [
          362.4905660377358,
          72.64150943396226
        ]
      ],
      "group_id": null,
      "shape_type": "circle",
      "flags": {}
    },
    {
      "label": "pore",
      "points": [
        [
          763.4339622641509,
          176.41509433962264
        ],
        [
          769.0943396226414,
          168.86792452830187
        ]
      ],
      "group_id": null,
      "shape_type": "circle",
      "flags": {}
    },
    {
      "label": "pore",
      "points": [
        [
          825.6981132075471,
          277.35849056603774
        ],
        [
          835.132075471698,
          266.9811320754717
        ]
      ],
      "group_id": null,
      "shape_type": "circle",
      "flags": {}
    },
    {
      "label": "pore",
      "points": [
        [
          1003.0566037735848,
          417.92452830188677
        ],
        [
          1004.943396226415,
          409.4339622641509
        ]
      ],
      "group_id": null,
      "shape_type": "circle",
      "flags": {}
    },
    {
      "label": "pore",
      "points": [
        [
          1014.3773584905659,
          434.90566037735846
        ],
        [
          1014.3773584905659,
          428.3018867924528
        ]
      ],
      "group_id": null,
      "shape_type": "circle",
      "flags": {}
    },
    {
      "label": "pore",
      "points": [
        [
          132.30188679245282,
          758.4905660377358
        ],
        [
          146.45283018867923,
          749.0566037735848
        ]
      ],
      "group_id": null,
      "shape_type": "circle",
      "flags": {}
    },
    {
      "label": "pore",
      "points": [
        [
          455.88679245283015,
          752.8301886792452
        ],
        [
          466.2641509433962,
          741.5094339622641
        ]
      ],
      "group_id": null,
      "shape_type": "circle",
      "flags": {}
    },
    {
      "label": "pore",
      "points": [
        [
          135.1320754716981,
          729.2452830188679
        ],
        [
          142.67924528301887,
          721.6981132075472
        ]
      ],
      "group_id": null,
      "shape_type": "circle",
      "flags": {}
    },
    {
      "label": "pore",
      "points": [
        [
          323.8113207547169,
          145.2830188679245
        ],
        [
          326.64150943396226,
          138.67924528301887
        ]
      ],
      "group_id": null,
      "shape_type": "circle",
      "flags": {}
    },
    {
      "label": "pore",
      "points": [
        [
          108.71698113207543,
          444.33962264150944
        ],
        [
          108.71698113207543,
          430.18867924528297
        ]
      ],
      "group_id": null,
      "shape_type": "circle",
      "flags": {}
    },
    {
      "label": "pore",
      "points": [
        [
          763.4339622641509,
          723.5849056603773
        ],
        [
          770.9811320754717,
          720.754716981132
        ]
      ],
      "group_id": null,
      "shape_type": "circle",
      "flags": {}
    },
    {
      "label": "pore",
      "points": [
        [
          768.1509433962264,
          836.7924528301886
        ],
        [
          774.754716981132,
          835.8490566037735
        ]
      ],
      "group_id": null,
      "shape_type": "circle",
      "flags": {}
    },
    {
      "label": "crack",
      "points": [
        [
          566.2641509433962,
          538.6792452830189
        ],
        [
          579.4716981132075,
          533.9622641509434
        ],
        [
          575.6981132075472,
          526.4150943396227
        ],
        [
          564.377358490566,
          527.3584905660377
        ],
        [
          555.8867924528302,
          536.7924528301886
        ],
        [
          553.0566037735848,
          550.9433962264151
        ],
        [
          544.566037735849,
          557.5471698113207
        ],
        [
          544.566037735849,
          567.9245283018868
        ],
        [
          543.622641509434,
          577.3584905660377
        ],
        [
          536.0754716981131,
          587.7358490566038
        ],
        [
          534.188679245283,
          591.5094339622641
        ],
        [
          527.5849056603773,
          599.0566037735849
        ],
        [
          530.4150943396226,
          605.6603773584906
        ],
        [
          528.5283018867924,
          613.2075471698113
        ],
        [
          521.9245283018868,
          619.8113207547169
        ],
        [
          522.8679245283018,
          627.3584905660377
        ],
        [
          520.0377358490566,
          635.8490566037735
        ],
        [
          520.0377358490566,
          650.0
        ],
        [
          518.1509433962264,
          666.0377358490566
        ],
        [
          519.0943396226414,
          672.6415094339623
        ],
        [
          525.6981132075472,
          685.8490566037735
        ],
        [
          530.4150943396226,
          674.5283018867924
        ],
        [
          528.5283018867924,
          661.3207547169811
        ],
        [
          533.2452830188679,
          644.3396226415094
        ],
        [
          535.132075471698,
          632.0754716981131
        ],
        [
          539.8490566037735,
          623.5849056603773
        ],
        [
          543.622641509434,
          607.5471698113207
        ],
        [
          547.3962264150942,
          595.2830188679245
        ],
        [
          554.0,
          584.9056603773585
        ],
        [
          557.7735849056603,
          565.0943396226414
        ],
        [
          562.4905660377358,
          557.5471698113207
        ],
        [
          567.2075471698113,
          551.8867924528302
        ]
      ],
      "group_id": null,
      "shape_type": "polygon",
      "flags": {}
    },
    {
      "label": "crack",
      "points": [
        [
          514.377358490566,
          682.0754716981131
        ],
        [
          512.4905660377358,
          691.5094339622641
        ],
        [
          519.0943396226414,
          700.9433962264151
        ],
        [
          520.9811320754717,
          709.4339622641509
        ],
        [
          524.754716981132,
          719.8113207547169
        ],
        [
          530.4150943396226,
          733.9622641509434
        ],
        [
          538.9056603773585,
          725.4716981132075
        ],
        [
          535.132075471698,
          710.377358490566
        ],
        [
          533.2452830188679,
          700.0
        ],
        [
          523.8113207547169,
          694.3396226415094
        ]
      ],
      "group_id": null,
      "shape_type": "polygon",
      "flags": {}
    },
    {
      "label": "crack",
      "points": [
        [
          464.37735849056605,
          649.0566037735849
        ],
        [
          455.88679245283015,
          641.5094339622641
        ],
        [
          438.90566037735846,
          642.4528301886792
        ],
        [
          430.41509433962256,
          634.9056603773585
        ],
        [
          422.86792452830184,
          639.622641509434
        ],
        [
          427.58490566037733,
          649.0566037735849
        ],
        [
          437.9622641509434,
          652.8301886792452
        ],
        [
          456.8301886792452,
          659.4339622641509
        ],
        [
          474.754716981132,
          663.2075471698113
        ],
        [
          485.13207547169804,
          658.4905660377358
        ],
        [
          485.13207547169804,
          652.8301886792452
        ]
      ],
      "group_id": null,
      "shape_type": "polygon",
      "flags": {}
    },
    {
      "label": "crack",
      "points": [
        [
          532.3018867924528,
          533.0188679245283
        ],
        [
          531.3584905660377,
          519.8113207547169
        ],
        [
          528.5283018867924,
          509.4339622641509
        ],
        [
          524.754716981132,
          500.0
        ],
        [
          522.8679245283018,
          489.62264150943395
        ],
        [
          521.9245283018868,
          477.3584905660377
        ],
        [
          520.9811320754717,
          466.03773584905656
        ],
        [
          523.8113207547169,
          452.8301886792453
        ],
        [
          523.8113207547169,
          443.3962264150943
        ],
        [
          516.2641509433962,
          438.6792452830189
        ],
        [
          508.7169811320755,
          438.6792452830189
        ],
        [
          501.16981132075466,
          427.3584905660377
        ],
        [
          489.84905660377353,
          425.47169811320754
        ],
        [
          487.9622641509434,
          431.1320754716981
        ],
        [
          490.7924528301886,
          446.2264150943396
        ],
        [
          501.16981132075466,
          446.2264150943396
        ],
        [
          509.66037735849056,
          451.88679245283015
        ],
        [
          509.66037735849056,
          458.49056603773585
        ],
        [
          506.8301886792452,
          471.6981132075471
        ],
        [
          504.9433962264151,
          480.18867924528297
        ],
        [
          504.0,
          493.3962264150943
        ],
        [
          505.88679245283015,
          503.77358490566036
        ],
        [
          512.4905660377358,
          508.49056603773585
        ],
        [
          515.3207547169811,
          516.9811320754717
        ],
        [
          517.2075471698113,
          532.0754716981132
        ],
        [
          520.0377358490566,
          537.7358490566038
        ]
      ],
      "group_id": null,
      "shape_type": "polygon",
      "flags": {}
    },
    {
      "label": "crack",
      "points": [
        [
          857.7735849056603,
          600.9433962264151
        ],
        [
          858.7169811320755,
          590.566037735849
        ],
        [
          866.2641509433961,
          585.8490566037735
        ],
        [
          879.4716981132076,
          574.5283018867924
        ],
        [
          885.132075471698,
          559.4339622641509
        ],
        [
          887.0188679245282,
          547.1698113207547
        ],
        [
          896.4528301886792,
          538.6792452830189
        ],
        [
          905.8867924528302,
          533.9622641509434
        ],
        [
          916.2641509433961,
          529.2452830188679
        ],
        [
          922.8679245283017,
          526.4150943396227
        ],
        [
          932.3018867924527,
          523.5849056603773
        ],
        [
          938.9056603773583,
          516.0377358490566
        ],
        [
          951.1698113207547,
          512.2641509433962
        ],
        [
          952.1132075471698,
          499.05660377358487
        ],
        [
          939.8490566037735,
          500.9433962264151
        ],
        [
          932.3018867924527,
          507.5471698113207
        ],
        [
          925.6981132075471,
          511.3207547169811
        ],
        [
          913.433962264151,
          514.1509433962264
        ],
        [
          904.943396226415,
          518.8679245283018
        ],
        [
          896.4528301886792,
          524.5283018867924
        ],
        [
          881.3584905660377,
          534.9056603773585
        ],
        [
          874.7547169811321,
          537.7358490566038
        ],
        [
          871.9245283018868,
          550.0
        ],
        [
          867.2075471698113,
          556.6037735849056
        ],
        [
          864.3773584905659,
          566.9811320754717
        ],
        [
          858.7169811320755,
          573.5849056603773
        ],
        [
          850.2264150943395,
          577.3584905660377
        ],
        [
          846.4528301886792,
          588.6792452830189
        ],
        [
          848.3396226415093,
          599.0566037735849
        ]
      ],
      "group_id": null,
      "shape_type": "polygon",
      "flags": {}
    },
    {
      "label": "crack",
      "points": [
        [
          680.4150943396226,
          383.0188679245283
        ],
        [
          682.3018867924528,
          372.64150943396226
        ],
        [
          687.0188679245283,
          364.1509433962264
        ],
        [
          696.4528301886792,
          360.377358490566
        ],
        [
          700.2264150943396,
          350.0
        ],
        [
          707.7735849056603,
          342.45283018867923
        ],
        [
          715.3207547169811,
          333.0188679245283
        ],
        [
          715.3207547169811,
          321.6981132075472
        ],
        [
          715.3207547169811,
          310.377358490566
        ],
        [
          708.7169811320754,
          310.377358490566
        ],
        [
          701.1698113207547,
          323.58490566037733
        ],
        [
          698.3396226415094,
          329.2452830188679
        ],
        [
          693.622641509434,
          336.79245283018867
        ],
        [
          689.8490566037735,
          344.33962264150944
        ],
        [
          685.132075471698,
          355.66037735849056
        ],
        [
          677.5849056603773,
          360.377358490566
        ],
        [
          672.8679245283018,
          368.86792452830184
        ]
      ],
      "group_id": null,
      "shape_type": "polygon",
      "flags": {}
    },
    {
      "label": "crack",
      "points": [
        [
          542.6792452830189,
          171.69811320754715
        ],
        [
          546.4528301886792,
          159.43396226415095
        ],
        [
          543.622641509434,
          155.66037735849056
        ],
        [
          537.0188679245283,
          158.49056603773585
        ],
        [
          529.4716981132075,
          170.75471698113208
        ],
        [
          525.6981132075472,
          186.79245283018867
        ],
        [
          526.6415094339623,
          203.77358490566036
        ],
        [
          529.4716981132075,
          214.1509433962264
        ],
        [
          522.8679245283018,
          221.69811320754715
        ],
        [
          518.1509433962264,
          231.1320754716981
        ],
        [
          507.7735849056603,
          235.84905660377356
        ],
        [
          504.0,
          245.2830188679245
        ],
        [
          494.566037735849,
          252.83018867924528
        ],
        [
          490.7924528301886,
          261.3207547169811
        ],
        [
          479.4716981132075,
          273.58490566037733
        ],
        [
          471.92452830188677,
          283.0188679245283
        ],
        [
          473.8113207547169,
          291.50943396226415
        ],
        [
          488.90566037735846,
          288.6792452830189
        ],
        [
          493.62264150943395,
          283.0188679245283
        ],
        [
          510.60377358490564,
          272.64150943396226
        ],
        [
          513.4339622641509,
          259.4339622641509
        ],
        [
          517.2075471698113,
          250.0
        ],
        [
          530.4150943396226,
          240.56603773584905
        ],
        [
          544.566037735849,
          222.64150943396226
        ],
        [
          543.622641509434,
          205.66037735849056
        ],
        [
          543.622641509434,
          195.2830188679245
        ]
      ],
      "group_id": null,
      "shape_type": "polygon",
      "flags": {}
    },
    {
      "label": "crack",
      "points": [
        [
          294.566037735849,
          62.264150943396224
        ],
        [
          297.3962264150943,
          82.0754716981132
        ],
        [
          287.01886792452825,
          91.50943396226414
        ],
        [
          287.01886792452825,
          101.88679245283018
        ],
        [
          285.1320754716981,
          116.98113207547169
        ],
        [
          273.811320754717,
          119.81132075471697
        ],
        [
          271.92452830188677,
          133.96226415094338
        ],
        [
          266.2641509433962,
          151.88679245283018
        ],
        [
          252.1132075471698,
          164.1509433962264
        ],
        [
          266.2641509433962,
          171.69811320754715
        ],
        [
          260.60377358490564,
          182.0754716981132
        ],
        [
          244.56603773584902,
          186.79245283018867
        ],
        [
          236.07547169811318,
          191.50943396226415
        ],
        [
          230.4150943396226,
          194.33962264150944
        ],
        [
          227.58490566037733,
          202.83018867924528
        ],
        [
          227.58490566037733,
          212.2641509433962
        ],
        [
          227.58490566037733,
          226.41509433962264
        ],
        [
          221.92452830188677,
          242.45283018867923
        ],
        [
          214.377358490566,
          241.50943396226413
        ],
        [
          211.5471698113207,
          227.35849056603772
        ],
        [
          211.5471698113207,
          217.9245283018868
        ],
        [
          208.71698113207543,
          207.54716981132074
        ],
        [
          205.88679245283015,
          194.33962264150944
        ],
        [
          212.49056603773585,
          179.24528301886792
        ],
        [
          220.9811320754717,
          176.41509433962264
        ],
        [
          234.18867924528297,
          168.86792452830187
        ],
        [
          234.18867924528297,
          154.71698113207546
        ],
        [
          243.62264150943395,
          150.0
        ],
        [
          250.2264150943396,
          145.2830188679245
        ],
        [
          259.66037735849056,
          123.58490566037736
        ],
        [
          263.4339622641509,
          106.60377358490565
        ],
        [
          270.03773584905656,
          96.22641509433961
        ],
        [
          273.811320754717,
          76.41509433962264
        ],
        [
          282.3018867924528,
          55.660377358490564
        ],
        [
          286.0754716981132,
          55.660377358490564
        ]
      ],
      "group_id": null,
      "shape_type": "polygon",
      "flags": {}
    },
    {
      "label": "crack",
      "points": [
        [
          39.84905660377356,
          236.79245283018867
        ],
        [
          41.73584905660377,
          224.52830188679243
        ],
        [
          43.62264150943395,
          208.49056603773585
        ],
        [
          41.73584905660377,
          189.62264150943395
        ],
        [
          37.96226415094338,
          179.24528301886792
        ],
        [
          36.075471698113205,
          173.58490566037736
        ],
        [
          28.528301886792434,
          177.35849056603772
        ],
        [
          28.528301886792434,
          190.56603773584905
        ],
        [
          28.528301886792434,
          203.77358490566036
        ],
        [
          29.471698113207538,
          220.75471698113208
        ],
        [
          27.58490566037736,
          237.73584905660377
        ]
      ],
      "group_id": null,
      "shape_type": "polygon",
      "flags": {}
    },
    {
      "label": "crack",
      "points": [
        [
          169.09433962264148,
          245.2830188679245
        ],
        [
          184.18867924528303,
          250.94339622641508
        ],
        [
          192.67924528301887,
          261.3207547169811
        ],
        [
          206.83018867924528,
          265.0943396226415
        ],
        [
          219.09433962264148,
          271.6981132075472
        ],
        [
          222.86792452830184,
          279.2452830188679
        ],
        [
          212.49056603773585,
          282.0754716981132
        ],
        [
          200.2264150943396,
          281.1320754716981
        ],
        [
          190.79245283018867,
          277.35849056603774
        ],
        [
          184.18867924528303,
          268.8679245283019
        ],
        [
          174.75471698113205,
          262.2641509433962
        ],
        [
          169.09433962264148,
          261.3207547169811
        ],
        [
          161.5471698113207,
          256.60377358490564
        ]
      ],
      "group_id": null,
      "shape_type": "polygon",
      "flags": {}
    },
    {
      "label": "crack",
      "points": [
        [
          72.8679245283019,
          350.0
        ],
        [
          78.52830188679246,
          342.45283018867923
        ],
        [
          95.50943396226415,
          344.33962264150944
        ],
        [
          99.28301886792451,
          333.9622641509434
        ],
        [
          99.28301886792451,
          323.58490566037733
        ],
        [
          95.50943396226415,
          316.03773584905656
        ],
        [
          83.2452830188679,
          321.6981132075472
        ],
        [
          82.30188679245282,
          329.2452830188679
        ],
        [
          73.81132075471697,
          331.1320754716981
        ],
        [
          60.60377358490564,
          337.73584905660374
        ],
        [
          56.83018867924528,
          347.1698113207547
        ],
        [
          59.660377358490564,
          357.5471698113207
        ]
      ],
      "group_id": null,
      "shape_type": "polygon",
      "flags": {}
    },
    {
      "label": "crack",
      "points": [
        [
          8.71698113207546,
          333.0188679245283
        ],
        [
          11.547169811320742,
          349.05660377358487
        ],
        [
          7.773584905660357,
          364.1509433962264
        ],
        [
          1.169811320754718,
          357.5471698113207
        ],
        [
          1.169811320754718,
          342.45283018867923
        ]
      ],
      "group_id": null,
      "shape_type": "polygon",
      "flags": {}
    },
    {
      "label": "crack",
      "points": [
        [
          8.71698113207546,
          383.9622641509434
        ],
        [
          7.773584905660357,
          396.2264150943396
        ],
        [
          11.547169811320742,
          408.49056603773585
        ],
        [
          11.547169811320742,
          417.92452830188677
        ],
        [
          31.358490566037716,
          420.75471698113205
        ],
        [
          47.39622641509433,
          419.811320754717
        ],
        [
          58.71698113207546,
          421.6981132075471
        ],
        [
          46.45283018867923,
          432.0754716981132
        ],
        [
          20.98113207547169,
          433.0188679245283
        ],
        [
          2.113207547169793,
          430.18867924528297
        ],
        [
          1.169811320754718,
          415.0943396226415
        ],
        [
          1.169811320754718,
          403.77358490566036
        ]
      ],
      "group_id": null,
      "shape_type": "polygon",
      "flags": {}
    },
    {
      "label": "crack",
      "points": [
        [
          138.90566037735846,
          433.9622641509434
        ],
        [
          144.56603773584902,
          443.3962264150943
        ],
        [
          148.33962264150944,
          450.9433962264151
        ],
        [
          153.05660377358487,
          459.4339622641509
        ],
        [
          154.0,
          465.0943396226415
        ],
        [
          143.62264150943395,
          463.2075471698113
        ],
        [
          135.1320754716981,
          456.60377358490564
        ],
        [
          133.2452830188679,
          444.33962264150944
        ]
      ],
      "group_id": null,
      "shape_type": "polygon",
      "flags": {}
    },
    {
      "label": "crack",
      "points": [
        [
          191.73584905660374,
          165.0943396226415
        ],
        [
          193.62264150943395,
          177.35849056603772
        ],
        [
          192.67924528301887,
          196.22641509433961
        ],
        [
          178.5283018867924,
          205.66037735849056
        ],
        [
          176.64150943396226,
          198.1132075471698
        ],
        [
          184.18867924528303,
          182.0754716981132
        ]
      ],
      "group_id": null,
      "shape_type": "polygon",
      "flags": {}
    },
    {
      "label": "crack",
      "points": [
        [
          61.547169811320714,
          589.622641509434
        ],
        [
          70.03773584905662,
          600.0
        ],
        [
          75.69811320754718,
          600.9433962264151
        ],
        [
          85.1320754716981,
          593.3962264150944
        ],
        [
          96.45283018867923,
          597.1698113207547
        ],
        [
          101.16981132075472,
          603.7735849056603
        ],
        [
          92.67924528301887,
          608.4905660377358
        ],
        [
          83.2452830188679,
          608.4905660377358
        ],
        [
          75.69811320754718,
          616.9811320754717
        ],
        [
          67.20754716981133,
          616.0377358490566
        ],
        [
          58.71698113207546,
          609.4339622641509
        ],
        [
          51.16981132075472,
          590.566037735849
        ],
        [
          53.0566037735849,
          583.0188679245283
        ]
      ],
      "group_id": null,
      "shape_type": "polygon",
      "flags": {}
    },
    {
      "label": "crack",
      "points": [
        [
          368.15094339622635,
          213.2075471698113
        ],
        [
          378.5283018867924,
          216.9811320754717
        ],
        [
          386.07547169811323,
          217.9245283018868
        ],
        [
          390.7924528301886,
          227.35849056603772
        ],
        [
          411.5471698113207,
          232.0754716981132
        ],
        [
          411.5471698113207,
          238.67924528301884
        ],
        [
          401.16981132075466,
          244.3396226415094
        ],
        [
          384.18867924528297,
          239.62264150943395
        ],
        [
          376.64150943396226,
          232.0754716981132
        ],
        [
          363.43396226415086,
          225.47169811320754
        ],
        [
          353.0566037735849,
          222.64150943396226
        ],
        [
          355.88679245283015,
          211.32075471698113
        ]
      ],
      "group_id": null,
      "shape_type": "polygon",
      "flags": {}
    },
    {
      "label": "crack",
      "points": [
        [
          839.8490566037735,
          173.58490566037736
        ],
        [
          837.9622641509434,
          183.96226415094338
        ],
        [
          826.6415094339623,
          198.1132075471698
        ],
        [
          818.1509433962264,
          193.39622641509433
        ],
        [
          803.0566037735848,
          195.2830188679245
        ],
        [
          794.566037735849,
          199.0566037735849
        ],
        [
          788.9056603773585,
          196.22641509433961
        ],
        [
          777.5849056603773,
          198.1132075471698
        ],
        [
          762.4905660377358,
          204.71698113207546
        ],
        [
          757.7735849056603,
          212.2641509433962
        ],
        [
          784.188679245283,
          217.9245283018868
        ],
        [
          791.7358490566037,
          213.2075471698113
        ],
        [
          814.3773584905659,
          213.2075471698113
        ],
        [
          834.1886792452829,
          206.60377358490564
        ],
        [
          843.6226415094338,
          200.94339622641508
        ],
        [
          855.8867924528302,
          178.30188679245282
        ],
        [
          850.2264150943395,
          170.75471698113208
        ]
      ],
      "group_id": null,
      "shape_type": "polygon",
      "flags": {}
    },
    {
      "label": "crack",
      "points": [
        [
          891.7358490566037,
          133.96226415094338
        ],
        [
          904.0,
          117.92452830188678
        ],
        [
          910.6037735849056,
          114.15094339622641
        ],
        [
          923.8113207547169,
          103.77358490566037
        ],
        [
          937.0188679245282,
          108.49056603773585
        ],
        [
          952.1132075471698,
          116.98113207547169
        ],
        [
          952.1132075471698,
          122.64150943396226
        ],
        [
          952.1132075471698,
          133.96226415094338
        ],
        [
          960.6037735849056,
          143.39622641509433
        ],
        [
          969.0943396226414,
          141.50943396226415
        ],
        [
          979.4716981132076,
          145.2830188679245
        ],
        [
          988.9056603773583,
          153.77358490566036
        ],
        [
          997.3962264150944,
          158.49056603773585
        ],
        [
          1003.0566037735848,
          167.9245283018868
        ],
        [
          987.9622641509434,
          171.69811320754715
        ],
        [
          978.5283018867924,
          165.0943396226415
        ],
        [
          958.7169811320755,
          158.49056603773585
        ],
        [
          948.3396226415093,
          153.77358490566036
        ],
        [
          941.7358490566037,
          146.22641509433961
        ],
        [
          939.8490566037735,
          133.0188679245283
        ],
        [
          932.3018867924527,
          125.47169811320754
        ],
        [
          921.9245283018868,
          123.58490566037736
        ],
        [
          914.3773584905659,
          133.0188679245283
        ],
        [
          903.0566037735848,
          135.8490566037736
        ],
        [
          884.1886792452829,
          141.50943396226415
        ]
      ],
      "group_id": null,
      "shape_type": "polygon",
      "flags": {}
    },
    {
      "label": "crack",
      "points": [
        [
          936.0754716981132,
          75.47169811320754
        ],
        [
          942.6792452830189,
          84.90566037735849
        ],
        [
          951.1698113207547,
          92.45283018867924
        ],
        [
          957.7735849056603,
          99.0566037735849
        ],
        [
          954.943396226415,
          106.60377358490565
        ],
        [
          943.6226415094338,
          101.88679245283018
        ],
        [
          934.1886792452829,
          94.33962264150944
        ],
        [
          927.5849056603772,
          85.84905660377358
        ],
        [
          921.9245283018868,
          75.47169811320754
        ]
      ],
      "group_id": null,
      "shape_type": "polygon",
      "flags": {}
    },
    {
      "label": "crack",
      "points": [
        [
          1014.3773584905659,
          126.41509433962264
        ],
        [
          1017.2075471698113,
          135.8490566037736
        ],
        [
          1020.0377358490566,
          144.33962264150944
        ],
        [
          1021.9245283018868,
          152.83018867924528
        ],
        [
          1022.8679245283017,
          162.26415094339623
        ],
        [
          1018.1509433962265,
          167.9245283018868
        ],
        [
          1013.433962264151,
          160.37735849056602
        ],
        [
          1010.6037735849056,
          151.88679245283018
        ],
        [
          1006.8301886792451,
          140.56603773584905
        ],
        [
          1002.1132075471698,
          130.18867924528303
        ],
        [
          1002.1132075471698,
          117.92452830188678
        ]
      ],
      "group_id": null,
      "shape_type": "polygon",
      "flags": {}
    },
    {
      "label": "crack",
      "points": [
        [
          793.622641509434,
          475.47169811320754
        ],
        [
          794.566037735849,
          488.6792452830188
        ],
        [
          792.6792452830189,
          498.1132075471698
        ],
        [
          792.6792452830189,
          512.2641509433962
        ],
        [
          782.3018867924528,
          518.8679245283018
        ],
        [
          775.6981132075471,
          512.2641509433962
        ],
        [
          781.3584905660376,
          501.88679245283015
        ],
        [
          782.3018867924528,
          487.73584905660374
        ],
        [
          783.2452830188679,
          475.47169811320754
        ]
      ],
      "group_id": null,
      "shape_type": "polygon",
      "flags": {}
    },
    {
      "label": "crack",
      "points": [
        [
          646.4528301886792,
          562.2641509433962
        ],
        [
          652.1132075471697,
          581.132075471698
        ],
        [
          648.3396226415094,
          591.5094339622641
        ],
        [
          645.5094339622641,
          602.8301886792452
        ],
        [
          648.3396226415094,
          616.0377358490566
        ],
        [
          656.8301886792452,
          606.6037735849056
        ],
        [
          670.0377358490566,
          589.622641509434
        ],
        [
          663.4339622641509,
          569.8113207547169
        ],
        [
          654.9433962264151,
          548.1132075471697
        ]
      ],
      "group_id": null,
      "shape_type": "polygon",
      "flags": {}
    },
    {
      "label": "crack",
      "points": [
        [
          630.4150943396226,
          617.9245283018868
        ],
        [
          641.7358490566037,
          629.2452830188679
        ],
        [
          654.0,
          639.622641509434
        ],
        [
          657.7735849056603,
          648.1132075471697
        ],
        [
          676.6415094339623,
          650.9433962264151
        ],
        [
          701.1698113207547,
          663.2075471698113
        ],
        [
          716.2641509433962,
          669.8113207547169
        ],
        [
          728.5283018867924,
          669.8113207547169
        ],
        [
          738.9056603773585,
          674.5283018867924
        ],
        [
          735.132075471698,
          683.0188679245283
        ],
        [
          714.3773584905659,
          682.0754716981131
        ],
        [
          697.3962264150942,
          683.0188679245283
        ],
        [
          684.188679245283,
          677.3584905660377
        ],
        [
          660.6037735849056,
          665.0943396226414
        ],
        [
          650.2264150943396,
          666.0377358490566
        ],
        [
          643.622641509434,
          653.7735849056603
        ],
        [
          628.5283018867924,
          643.3962264150944
        ],
        [
          620.9811320754717,
          629.2452830188679
        ]
      ],
      "group_id": null,
      "shape_type": "polygon",
      "flags": {}
    },
    {
      "label": "crack",
      "points": [
        [
          222.86792452830184,
          540.566037735849
        ],
        [
          234.18867924528297,
          540.566037735849
        ],
        [
          236.07547169811318,
          546.2264150943396
        ],
        [
          229.47169811320754,
          550.9433962264151
        ],
        [
          218.1509433962264,
          560.377358490566
        ],
        [
          207.77358490566036,
          562.2641509433962
        ],
        [
          195.50943396226415,
          562.2641509433962
        ],
        [
          188.90566037735846,
          558.4905660377358
        ],
        [
          183.2452830188679,
          551.8867924528302
        ],
        [
          191.73584905660374,
          548.1132075471697
        ],
        [
          202.1132075471698,
          547.1698113207547
        ],
        [
          214.377358490566,
          547.1698113207547
        ]
      ],
      "group_id": null,
      "shape_type": "polygon",
      "flags": {}
    },
    {
      "label": "crack",
      "points": [
        [
          267.2075471698113,
          559.4339622641509
        ],
        [
          257.77358490566036,
          568.8679245283018
        ],
        [
          260.60377358490564,
          579.2452830188679
        ],
        [
          263.4339622641509,
          592.4528301886792
        ],
        [
          269.0943396226415,
          600.0
        ],
        [
          282.3018867924528,
          592.4528301886792
        ],
        [
          275.6981132075471,
          585.8490566037735
        ],
        [
          275.6981132075471,
          576.4150943396226
        ],
        [
          290.79245283018867,
          571.6981132075472
        ],
        [
          294.566037735849,
          560.377358490566
        ],
        [
          297.3962264150943,
          545.2830188679245
        ],
        [
          293.62264150943395,
          537.7358490566038
        ],
        [
          285.1320754716981,
          540.566037735849
        ],
        [
          284.18867924528297,
          550.0
        ],
        [
          279.47169811320754,
          557.5471698113207
        ]
      ],
      "group_id": null,
      "shape_type": "polygon",
      "flags": {}
    },
    {
      "label": "crack",
      "points": [
        [
          628.5283018867924,
          418.86792452830184
        ],
        [
          617.2075471698113,
          418.86792452830184
        ],
        [
          612.4905660377358,
          425.47169811320754
        ],
        [
          604.9433962264151,
          427.3584905660377
        ],
        [
          599.2830188679245,
          437.73584905660374
        ],
        [
          602.1132075471697,
          449.05660377358487
        ],
        [
          604.0,
          458.49056603773585
        ],
        [
          614.377358490566,
          459.4339622641509
        ],
        [
          615.3207547169811,
          449.05660377358487
        ],
        [
          611.5471698113207,
          439.62264150943395
        ],
        [
          620.0377358490566,
          433.0188679245283
        ],
        [
          630.4150943396226,
          430.18867924528297
        ]
      ],
      "group_id": null,
      "shape_type": "polygon",
      "flags": {}
    },
    {
      "label": "crack",
      "points": [
        [
          618.1509433962264,
          758.4905660377358
        ],
        [
          607.7735849056603,
          766.0377358490566
        ],
        [
          607.7735849056603,
          773.5849056603773
        ],
        [
          604.0,
          783.0188679245283
        ],
        [
          606.8301886792452,
          790.566037735849
        ],
        [
          607.7735849056603,
          798.1132075471697
        ],
        [
          619.0943396226414,
          790.566037735849
        ],
        [
          620.0377358490566,
          775.4716981132075
        ],
        [
          621.9245283018868,
          769.8113207547169
        ]
      ],
      "group_id": null,
      "shape_type": "polygon",
      "flags": {}
    },
    {
      "label": "crack",
      "points": [
        [
          887.9622641509434,
          189.62264150943395
        ],
        [
          881.3584905660377,
          192.45283018867923
        ],
        [
          875.6981132075471,
          197.16981132075472
        ],
        [
          870.0377358490566,
          199.0566037735849
        ],
        [
          868.1509433962265,
          212.2641509433962
        ],
        [
          879.4716981132076,
          208.49056603773585
        ],
        [
          891.7358490566037,
          200.0
        ],
        [
          898.3396226415093,
          194.33962264150944
        ]
      ],
      "group_id": null,
      "shape_type": "polygon",
      "flags": {}
    },
    {
      "label": "crack",
      "points": [
        [
          959.6603773584905,
          218.86792452830187
        ],
        [
          969.0943396226414,
          216.0377358490566
        ],
        [
          979.4716981132076,
          216.9811320754717
        ],
        [
          980.4150943396226,
          224.52830188679243
        ],
        [
          971.9245283018868,
          226.41509433962264
        ],
        [
          960.6037735849056,
          231.1320754716981
        ],
        [
          950.2264150943395,
          228.30188679245282
        ],
        [
          949.2830188679245,
          219.81132075471697
        ]
      ],
      "group_id": null,
      "shape_type": "polygon",
      "flags": {}
    },
    {
      "label": "crack",
      "points": [
        [
          1005.8867924528302,
          258.49056603773585
        ],
        [
          1000.2264150943395,
          274.52830188679246
        ],
        [
          995.509433962264,
          281.1320754716981
        ],
        [
          987.0188679245282,
          283.9622641509434
        ],
        [
          985.132075471698,
          274.52830188679246
        ],
        [
          988.9056603773583,
          265.0943396226415
        ],
        [
          996.4528301886792,
          254.71698113207546
        ]
      ],
      "group_id": null,
      "shape_type": "polygon",
      "flags": {}
    },
    {
      "label": "crack",
      "points": [
        [
          861.5471698113206,
          235.84905660377356
        ],
        [
          872.8679245283017,
          230.188679245283
        ],
        [
          881.3584905660377,
          230.188679245283
        ],
        [
          883.2452830188679,
          238.67924528301884
        ],
        [
          874.7547169811321,
          241.50943396226413
        ],
        [
          868.1509433962265,
          247.16981132075472
        ],
        [
          855.8867924528302,
          246.22641509433961
        ]
      ],
      "group_id": null,
      "shape_type": "polygon",
      "flags": {}
    },
    {
      "label": "crack",
      "points": [
        [
          1014.3773584905659,
          307.5471698113207
        ],
        [
          999.2830188679245,
          313.2075471698113
        ],
        [
          990.7924528301887,
          316.9811320754717
        ],
        [
          1000.2264150943395,
          322.64150943396226
        ],
        [
          1015.3207547169811,
          321.6981132075472
        ],
        [
          1019.0943396226414,
          316.03773584905656
        ]
      ],
      "group_id": null,
      "shape_type": "polygon",
      "flags": {}
    },
    {
      "label": "crack",
      "points": [
        [
          884.1886792452829,
          7.547169811320754
        ],
        [
          873.8113207547169,
          22.641509433962263
        ],
        [
          866.2641509433961,
          26.41509433962264
        ],
        [
          853.0566037735848,
          28.30188679245283
        ],
        [
          862.4905660377358,
          18.867924528301884
        ],
        [
          869.0943396226414,
          12.264150943396226
        ]
      ],
      "group_id": null,
      "shape_type": "polygon",
      "flags": {}
    },
    {
      "label": "crack",
      "points": [
        [
          844.566037735849,
          61.32075471698113
        ],
        [
          860.6037735849056,
          54.71698113207547
        ],
        [
          874.7547169811321,
          54.71698113207547
        ],
        [
          889.8490566037735,
          56.60377358490566
        ],
        [
          891.7358490566037,
          61.32075471698113
        ],
        [
          886.0754716981132,
          67.9245283018868
        ],
        [
          870.9811320754716,
          66.0377358490566
        ],
        [
          862.4905660377358,
          66.98113207547169
        ],
        [
          857.7735849056603,
          72.64150943396226
        ],
        [
          842.6792452830189,
          78.30188679245282
        ]
      ],
      "group_id": null,
      "shape_type": "polygon",
      "flags": {}
    },
    {
      "label": "crack",
      "points": [
        [
          748.3396226415094,
          469.811320754717
        ],
        [
          751.1698113207547,
          478.3018867924528
        ],
        [
          737.0188679245283,
          484.90566037735846
        ],
        [
          745.5094339622641,
          493.3962264150943
        ],
        [
          757.7735849056603,
          488.6792452830188
        ],
        [
          765.3207547169811,
          487.73584905660374
        ],
        [
          771.9245283018868,
          475.47169811320754
        ],
        [
          765.3207547169811,
          471.6981132075471
        ],
        [
          759.6603773584906,
          462.2641509433962
        ]
      ],
      "group_id": null,
      "shape_type": "polygon",
      "flags": {}
    }
  ],
  "imagePath": "pilot_dataset/train/1100_028 cropped.png",
  "imageHeight": 860,
  "imageWidth": 1024
}